base1,base2
3,9
3,10
3,17
3,18
3,41
3,42
3,65
3,66
3,74
3,80
3,81
3,82
3,129
3,130
3,136
3,137
3,138
3,145
3,161
3,162
5,9
5,12
5,33
5,35
5,36
5,38
5,65
5,67
5,68
5,70
5,76
5,96
5,97
5,100
5,257
5,260
5,264
5,265
5,268
5,289
6,18
6,20
6,34
6,36
6,82
6,84
6,130
6,132
6,148
6,160
6,162
6,164
6,258
6,260
6,272
6,274
6,276
6,290
6,322
6,324
7,17
7,18
7,19
7,21
7,22
7,35
7,36
7,37
7,38
7,50
7,51
7,52
7,53
7,54
7,65
7,67
7,69
7,70
7,81
7,83
7,85
7,86
7,101
7,130
7,131
7,132
7,133
7,134
7,145
7,147
7,148
7,149
7,150
7,163
7,164
7,165
7,166
7,177
7,179
7,180
7,181
7,182
7,193
7,194
7,195
7,197
7,198
7,209
7,211
7,212
7,213
7,214
9,10
9,12
9,17
9,21
9,24
9,28
9,33
9,35
9,40
9,42
9,49
9,56
9,129
9,133
9,136
9,140
9,257
9,259
9,264
9,266
9,385
9,392
10,17
10,18
10,19
10,24
10,25
10,66
10,67
10,70
10,72
10,76
10,130
10,134
10,136
10,140
10,152
10,192
10,194
10,200
11,13
11,17
11,19
11,25
11,26
11,35
11,41
11,42
11,51
11,56
11,57
11,58
11,66
11,67
11,69
11,70
11,71
11,74
11,76
11,77
11,78
11,97
11,99
11,104
11,105
11,106
11,131
11,133
11,134
11,135
11,136
11,137
11,138
11,140
11,141
11,142
11,153
11,163
11,259
11,264
11,265
11,266
11,274
11,275
11,281
11,282
11,289
11,291
11,296
11,297
11,298
11,314
11,321
11,323
11,328
11,329
11,330
12,33
12,36
12,37
12,40
12,41
12,68
12,69
12,72
12,133
12,137
12,164
12,168
12,260
12,264
12,296
12,320
12,324
12,328
13,17
13,21
13,25
13,28
13,33
13,35
13,37
13,38
13,39
13,41
13,42
13,43
13,44
13,46
13,67
13,68
13,69
13,70
13,71
13,74
13,75
13,76
13,78
13,81
13,85
13,88
13,89
13,92
13,133
13,137
13,140
13,145
13,149
13,152
13,153
13,156
13,172
13,193
13,197
13,200
13,201
13,204
13,261
13,264
13,265
13,268
13,276
13,277
13,281
13,284
13,297
13,385
13,389
13,393
13,396
13,405
14,34
14,36
14,38
14,42
14,44
14,70
14,72
14,74
14,76
14,100
14,102
14,104
14,106
14,108
14,130
14,134
14,138
14,140
14,162
14,166
14,170
14,172
14,202
14,260
14,262
14,264
14,266
14,268
14,290
14,294
14,296
14,298
14,300
14,326
14,328
14,330
14,332
14,354
14,358
14,360
14,362
14,364
14,386
14,388
14,390
14,394
14,396
14,418
14,422
14,424
14,426
14,428
15,35
15,37
15,38
15,39
15,41
15,42
15,43
15,45
15,46
15,67
15,69
15,70
15,71
15,74
15,75
15,76
15,77
15,78
15,101
15,103
15,106
15,107
15,108
15,109
15,110
15,133
15,134
15,135
15,137
15,138
15,139
15,140
15,141
15,142
15,166
15,167
15,174
15,195
15,197
15,199
15,202
15,203
15,205
15,206
15,233
15,235
15,237
17,18
17,22
17,24
17,26
17,28
17,65
17,80
17,88
17,129
17,131
17,144
17,192
17,193
17,208
18,20
18,21
18,24
18,34
18,42
18,48
18,56
18,66
18,70
18,80
18,84
18,98
18,112
18,258
18,259
18,266
18,272
18,273
18,280
19,21
19,22
19,25
19,26
19,29
19,41
19,42
19,43
19,50
19,56
19,57
19,58
19,67
19,70
19,71
19,80
19,81
19,82
19,85
19,86
19,90
19,129
19,131
19,134
19,135
19,145
19,148
19,149
19,150
19,161
19,162
19,163
19,176
19,177
19,178
19,258
19,259
19,262
19,263
19,273
19,274
19,276
19,277
19,278
19,321
19,323
19,327
19,337
19,338
19,386
19,387
19,400
19,401
19,402
20,34
20,36
20,38
20,48
20,50
20,132
20,134
20,140
20,144
20,152
20,260
20,268
20,272
20,280
20,304
20,384
20,388
20,400
21,22
21,25
21,27
21,28
21,36
21,37
21,39
21,41
21,44
21,45
21,48
21,49
21,50
21,51
21,52
21,54
21,57
21,60
21,257
21,260
21,261
21,262
21,263
21,265
21,269
21,273
21,274
21,275
21,276
21,278
21,281
21,284
21,289
21,291
21,293
21,295
21,297
21,301
21,304
21,305
21,306
21,307
21,308
21,310
21,312
21,313
21,316
22,26
22,34
22,37
22,38
22,39
22,50
22,51
22,52
22,53
22,67
22,70
22,71
22,81
22,82
22,83
22,84
22,85
22,102
22,112
22,114
22,116
22,117
22,131
22,132
22,134
22,135
22,138
22,140
22,142
22,145
22,147
22,148
22,149
22,152
22,154
22,156
22,194
22,198
22,208
22,210
22,212
22,262
22,266
22,268
22,270
22,272
22,274
22,276
22,280
22,282
22,284
22,306
22,326
23,25
23,27
23,29
23,37
23,39
23,50
23,51
23,52
23,53
23,54
23,67
23,70
23,71
23,81
23,83
23,85
23,86
23,116
23,117
23,118
23,131
23,134
23,135
23,139
23,140
23,141
23,142
23,143
23,145
23,147
23,148
23,149
23,150
23,153
23,155
23,156
23,157
23,158
23,166
23,167
23,177
23,179
23,180
23,181
23,182
23,195
23,198
23,199
23,209
23,211
23,212
23,213
23,214
23,262
23,263
23,273
23,274
23,275
23,276
23,277
23,278
23,291
23,293
23,295
23,306
23,307
23,309
23,310
23,323
23,327
23,339
24,66
24,72
24,74
24,80
24,81
24,82
24,129
24,136
24,137
24,138
24,144
24,145
24,266
24,274
24,328
24,336
25,26
25,28
25,37
25,40
25,41
25,44
25,45
25,49
25,53
25,56
25,60
25,69
25,76
25,77
25,80
25,81
25,85
25,88
25,92
25,97
25,104
25,105
25,113
25,120
25,129
25,137
25,139
25,140
25,141
25,145
25,149
25,152
25,156
25,169
25,176
25,177
25,184
25,188
25,259
25,265
25,266
25,267
25,274
25,275
25,282
25,321
25,328
25,329
25,336
25,337
25,344
26,34
26,41
26,42
26,43
26,50
26,51
26,56
26,57
26,66
26,70
26,74
26,76
26,78
26,82
26,83
26,84
26,86
26,88
26,92
26,134
26,136
26,138
26,140
26,142
26,148
26,150
26,152
26,156
26,162
26,170
26,176
26,178
26,184
26,259
26,266
26,267
26,274
26,275
26,280
26,281
26,290
26,298
26,299
26,304
26,306
26,312
26,344
26,386
26,394
26,400
26,402
26,408
27,29
27,41
27,42
27,43
27,51
27,56
27,57
27,58
27,70
27,71
27,77
27,78
27,79
27,82
27,83
27,85
27,86
27,87
27,90
27,93
27,94
27,105
27,106
27,107
27,113
27,115
27,120
27,121
27,122
27,137
27,139
27,140
27,141
27,142
27,143
27,149
27,150
27,151
27,153
27,156
27,157
27,158
27,163
27,171
27,178
27,179
27,184
27,185
27,186
27,259
27,266
27,267
27,274
27,275
27,281
27,282
27,298
27,299
27,314
27,323
27,329
27,331
27,339
27,344
27,345
27,346
27,387
27,394
27,395
27,401
27,402
27,403
27,409
27,410
28,68
28,69
28,72
28,76
28,77
28,81
28,84
28,85
28,88
28,89
28,140
28,141
28,144
28,145
28,148
28,149
28,152
28,153
28,197
28,200
28,204
28,205
28,208
28,209
28,212
28,213
28,216
28,217
28,260
28,261
28,265
28,268
28,269
28,276
28,277
28,280
28,281
28,324
28,325
28,332
28,333
28,337
28,340
28,341
28,344
28,345
28,404
29,37
29,41
29,44
29,45
29,49
29,53
29,57
29,60
29,69
29,70
29,71
29,76
29,77
29,78
29,79
29,81
29,83
29,85
29,86
29,87
29,88
29,89
29,90
29,91
29,92
29,94
29,140
29,141
29,145
29,149
29,152
29,153
29,156
29,184
29,185
29,188
29,197
29,204
29,205
29,209
29,213
29,216
29,217
29,220
29,261
29,265
29,269
29,276
29,277
29,281
29,284
29,297
29,301
29,308
29,309
29,312
29,313
29,316
29,325
29,332
29,333
29,337
29,341
29,345
29,348
29,389
29,397
29,405
30,70
30,74
30,76
30,78
30,82
30,84
30,86
30,90
30,92
30,134
30,138
30,140
30,142
30,148
30,150
30,152
30,154
30,156
30,202
30,206
30,212
30,214
30,216
30,218
30,220
30,266
30,268
30,270
30,274
30,276
30,278
30,280
30,282
30,284
30,332
30,334
30,348
30,390
30,394
30,398
30,404
30,406
30,410
30,412
30,466
30,470
30,474
31,70
31,71
31,77
31,78
31,79
31,83
31,85
31,86
31,87
31,90
31,91
31,93
31,94
31,139
31,140
31,141
31,142
31,143
31,149
31,150
31,151
31,153
31,155
31,156
31,157
31,158
31,199
31,206
31,207
31,213
31,215
31,220
31,221
31,222
33,36
33,40
33,44
33,65
33,96
33,104
33,193
33,224
33,257
33,261
33,288
33,320
33,321
33,352
33,385
33,416
34,36
34,44
34,48
34,52
34,56
34,130
34,160
34,176
34,258
34,262
34,288
34,384
34,386
34,416
35,36
35,37
35,38
35,41
35,42
35,45
35,46
35,130
35,131
35,134
35,135
35,139
35,161
35,162
35,164
35,165
35,166
35,258
35,259
35,261
35,262
35,263
35,265
35,267
35,269
35,270
35,271
35,288
35,289
35,290
35,293
35,294
35,296
35,297
35,298
35,301
35,302
35,386
35,387
35,389
35,390
35,391
35,417
35,418
35,421
35,422
36,40
36,42
36,48
36,49
36,68
36,84
36,96
36,112
36,132
36,140
36,160
36,168
36,196
36,224
37,38
37,41
37,42
37,43
37,44
37,46
37,48
37,49
37,50
37,51
37,52
37,54
37,57
37,59
37,60
37,69
37,71
37,96
37,97
37,100
37,108
37,164
37,193
37,196
37,197
37,224
37,225
37,228
37,257
37,261
37,262
37,263
37,276
37,277
37,289
37,290
37,291
37,294
37,304
37,305
37,308
37,385
37,388
37,389
37,416
37,417
37,420
38,41
38,42
38,43
38,44
38,45
38,50
38,52
38,58
38,82
38,84
38,86
38,100
38,112
38,114
38,116
38,131
38,134
38,135
38,140
38,142
38,143
38,160
38,162
38,163
38,164
38,165
38,170
38,172
38,180
38,258
38,261
38,262
38,263
38,268
38,270
38,289
38,290
38,291
38,293
38,296
38,298
38,300
38,322
38,324
38,326
38,352
38,354
38,356
39,41
39,42
39,43
39,45
39,46
39,50
39,51
39,52
39,53
39,54
39,57
39,59
39,61
39,69
39,71
39,101
39,131
39,134
39,135
39,142
39,143
39,147
39,151
39,163
39,164
39,165
39,166
39,174
39,177
39,179
39,180
39,181
39,182
39,261
39,262
39,263
39,269
39,270
39,271
39,289
39,290
39,291
39,293
39,294
39,297
39,298
39,299
39,301
39,302
39,322
39,323
39,325
39,326
39,327
39,353
39,354
39,355
39,357
39,358
39,389
39,390
39,391
39,418
39,419
39,421
39,422
40,49
40,68
40,72
40,76
40,96
40,97
40,100
40,257
40,264
40,265
40,268
40,280
40,288
40,289
40,304
41,42
41,44
41,46
41,49
41,51
41,53
41,55
41,56
41,58
41,60
41,67
41,74
41,75
41,81
41,88
41,89
41,96
41,97
41,99
41,104
41,106
41,113
41,120
41,137
41,193
41,200
41,201
41,224
41,225
41,232
41,257
41,265
41,269
41,289
41,296
41,312
41,385
41,392
41,393
41,416
41,417
41,424
42,44
42,45
42,50
42,51
42,54
42,56
42,57
42,67
42,71
42,72
42,74
42,75
42,78
42,79
42,82
42,83
42,88
42,90
42,91
42,96
42,97
42,98
42,99
42,100
42,101
42,102
42,103
42,104
42,105
42,108
42,109
42,113
42,114
42,115
42,120
42,121
43,45
43,46
43,51
43,53
43,55
43,56
43,57
43,58
43,61
43,67
43,71
43,74
43,75
43,79
43,83
43,90
43,91
43,97
43,99
43,101
43,103
43,104
43,105
43,106
43,108
43,109
43,110
43,113
43,115
43,120
43,121
43,122
43,131
43,139
43,163
43,195
43,202
43,203
43,224
43,225
43,226
43,227
43,232
43,233
43,234
43,259
43,265
43,267
43,269
43,270
43,271
43,282
43,283
43,289
43,291
43,294
43,295
43,296
43,297
43,298
43,301
43,302
43,314
44,49
44,52
44,53
44,57
44,68
44,74
44,76
44,78
44,100
44,101
44,102
44,104
44,106
44,134
44,140
44,141
44,142
44,162
44,164
44,166
44,168
44,170
44,204
44,224
44,228
44,232
44,234
44,262
44,264
44,268
44,270
44,276
44,280
44,284
44,290
44,294
44,296
44,298
44,304
44,308
44,312
44,388
44,396
44,416
44,420
44,424
45,46
45,49
45,51
45,53
45,55
45,57
45,59
45,60
45,71
45,75
45,79
45,85
45,89
45,92
45,93
45,100
45,101
45,103
45,106
45,107
45,108
45,110
45,113
45,117
45,121
45,124
45,140
45,141
45,172
45,201
45,204
45,205
45,224
45,225
45,228
45,229
45,232
45,233
45,236
45,265
45,269
45,270
45,271
45,277
45,285
45,291
45,294
45,295
45,297
45,298
45,299
45,302
45,308
45,309
45,312
45,313
45,316
45,385
45,389
45,393
45,396
45,397
45,417
45,420
45,421
45,425
45,428
46,50
46,54
46,58
46,71
46,74
46,75
46,78
46,79
46,100
46,101
46,102
46,103
46,104
46,106
46,107
46,108
46,109
46,134
46,135
46,140
46,142
46,143
46,162
46,166
46,167
46,170
46,172
46,232
46,234
46,236
46,262
46,268
46,270
46,278
46,280
46,282
46,284
46,286
46,290
46,294
46,296
46,298
46,300
46,306
46,310
46,312
46,314
46,316
46,332
46,334
46,354
46,358
46,360
46,362
46,364
46,390
46,396
46,398
46,418
46,422
46,424
46,426
46,428
47,51
47,53
47,55
47,57
47,59
47,61
47,71
47,75
47,79
47,101
47,103
47,106
47,107
47,108
47,109
47,110
47,134
47,135
47,142
47,143
47,166
47,167
47,174
47,203
47,207
47,233
47,235
47,237
47,269
47,270
47,271
47,291
47,294
47,295
47,297
47,298
47,299
47,301
47,302
47,327
47,334
47,335
47,355
47,359
47,362
47,363
47,366
48,132
48,144
48,145
48,148
48,160
48,161
48,162
48,164
48,258
48,272
48,274
48,276
48,288
48,290
49,52
49,56
49,60
49,65
49,69
49,80
49,81
49,85
49,88
49,89
49,92
49,93
49,97
49,100
49,101
49,104
49,105
49,108
49,109
49,112
49,116
49,120
49,124
49,137
49,144
49,145
49,152
49,153
49,161
49,169
49,176
49,180
49,184
49,208
49,209
49,216
49,217
49,225
49,232
49,233
49,240
49,248
50,52
50,53
50,56
50,74
50,80
50,82
50,88
50,90
50,98
50,106
50,112
50,120
50,131
50,138
50,145
50,147
50,152
50,154
50,160
50,161
50,162
50,163
50,170
50,176
50,177
50,184
50,194
50,208
50,210
50,226
50,240
50,258
50,274
50,278
50,280
50,282
50,290
50,298
50,304
50,312
50,338
50,352
50,354
50,368
50,376
51,52
51,53
51,54
51,56
51,57
51,58
51,61
51,131
51,135
51,139
51,145
51,147
51,151
51,153
51,155
51,158
51,159
51,161
51,162
51,163
51,166
51,167
51,171
51,176
51,177
51,178
51,180
51,181
51,182
51,184
51,185
51,186
51,190
52,68
52,69
52,82
52,84
52,85
52,86
52,87
52,97
52,100
52,101
52,102
52,112
52,113
52,114
52,132
52,140
52,148
52,152
52,156
52,164
52,166
52,168
52,172
52,176
52,177
52,184
52,261
52,268
52,272
52,276
52,277
52,280
52,284
52,289
52,293
52,296
52,300
52,304
52,305
52,312
52,324
52,340
52,352
52,356
52,368
53,54
53,57
53,59
53,60
53,69
53,85
53,86
53,87
53,89
53,92
53,93
53,97
53,100
53,101
53,108
53,109
53,112
53,113
53,116
53,118
53,121
53,124
53,176
53,177
53,180
53,261
53,263
53,269
53,276
53,277
53,278
53,279
53,285
53,289
53,291
53,293
53,295
53,297
53,301
53,304
53,305
53,306
53,307
53,308
53,310
53,312
53,313
53,316
53,385
53,389
53,401
53,404
53,405
53,417
53,421
53,432
53,433
53,436
54,58
54,82
54,84
54,85
54,86
54,87
54,102
54,112
54,114
54,116
54,117
54,135
54,140
54,142
54,147
54,151
54,154
54,156
54,158
54,164
54,166
54,167
54,170
54,172
54,174
54,177
54,179
54,180
54,181
54,186
54,188
54,210
54,212
54,214
54,226
54,230
54,240
54,242
54,244
54,263
54,274
54,277
54,278
54,279
54,280
54,282
54,284
54,286
54,291
54,293
54,295
54,298
54,300
54,302
54,306
54,307
54,309
54,312
54,314
54,316
54,326
54,342
54,356
54,358
54,368
54,370
54,372
55,57
55,59
55,61
55,85
55,86
55,87
55,116
55,117
55,118
55,135
55,147
55,151
55,155
55,158
55,159
55,166
55,167
55,177
55,179
55,180
55,181
55,182
55,187
55,190
55,263
55,277
55,278
55,279
55,291
55,293
55,295
55,306
55,307
55,309
55,310
55,391
55,405
55,407
55,419
55,423
55,433
55,435
55,437
56,136
56,137
56,138
56,139
56,144
56,152
56,153
56,154
56,155
56,162
56,163
56,168
56,169
56,170
56,171
56,176
56,177
56,178
56,179
56,280
56,282
56,288
56,290
56,296
56,297
56,298
56,304
56,306
56,394
56,400
56,408
56,410
56,416
56,418
56,424
56,426
56,432
56,434
57,58
57,60
57,81
57,85
57,88
57,89
57,92
57,93
57,97
57,101
57,104
57,105
57,108
57,109
57,113
57,117
57,120
57,124
57,137
57,139
57,152
57,153
57,155
57,156
57,157
57,163
57,169
57,171
57,176
57,177
57,178
57,179
57,184
57,186
57,188
57,209
57,216
57,217
57,232
57,233
57,241
57,248
57,296
57,297
57,312
57,336
57,337
57,344
57,345
57,353
57,360
57,361
57,368
57,369
57,376
58,74
58,82
58,83
58,88
58,90
58,91
58,98
58,105
58,106
58,107
58,113
58,114
58,115
58,120
58,121
58,138
58,139
58,140
58,142
58,152
58,153
58,154
58,155
58,156
58,158
58,162
58,163
58,166
58,170
58,171
58,172
58,174
58,176
58,178
58,179
58,180
58,182
58,184
58,185
58,188
58,267
58,280
58,282
58,283
58,290
58,298
58,299
58,304
58,306
58,312
58,368
58,370
58,376
58,394
58,408
58,410
58,418
58,426
58,432
58,434
58,440
59,61
59,83
59,90
59,91
59,105
59,106
59,107
59,113
59,115
59,120
59,121
59,122
59,139
59,153
59,155
59,158
59,159
59,163
59,171
59,178
59,179
59,182
59,183
59,184
59,185
59,186
59,190
59,227
59,234
59,235
59,241
59,243
59,248
59,249
59,250
59,267
59,282
59,283
59,298
59,299
59,314
60,140
60,148
60,152
60,153
60,156
60,157
60,164
60,168
60,172
60,180
60,184
60,185
60,268
60,269
60,276
60,277
60,280
60,284
60,285
60,296
60,297
60,300
60,301
60,304
60,308
60,309
60,312
60,313
60,404
60,412
60,421
60,424
60,428
60,429
60,432
60,436
60,437
60,440
61,85
61,89
61,92
61,93
61,101
61,108
61,109
61,113
61,117
61,121
61,124
61,152
61,153
61,156
61,157
61,184
61,185
61,188
61,269
61,277
61,285
61,297
61,301
61,308
61,309
61,312
61,313
61,316
61,341
61,348
61,349
61,369
61,373
61,376
61,377
61,380
61,421
61,429
61,436
61,437
61,444
62,140
62,142
62,154
62,156
62,158
62,166
62,170
62,172
62,174
62,180
62,182
62,186
62,188
62,278
62,280
62,282
62,284
62,286
62,298
62,300
62,302
62,306
62,310
62,312
62,314
62,316
62,398
62,412
62,414
62,426
62,430
62,440
62,442
62,444
63,155
63,158
63,159
63,179
63,182
63,183
63,187
63,190
65,66
65,68
65,70
65,80
65,96
65,112
65,129
65,133
65,161
65,192
65,196
65,224
65,257
65,259
65,273
65,320
65,322
65,336
66,72
66,80
66,88
66,129
66,130
66,131
66,192
66,193
66,208
66,259
66,321
66,386
66,448
67,69
67,70
67,74
67,76
67,77
67,78
67,80
67,81
67,82
67,85
67,86
67,97
67,104
67,105
67,106
67,129
67,131
67,161
67,162
67,163
67,193
67,194
67,209
67,224
67,225
67,226
67,259
67,261
67,263
67,265
67,267
67,273
67,275
67,279
67,321
67,322
67,324
67,325
67,326
67,328
67,329
67,330
67,337
67,338
67,450
68,72
68,88
68,96
68,104
68,112
68,257
68,260
68,261
68,320
68,321
68,352
69,70
69,74
69,75
69,76
69,78
69,81
69,88
69,89
69,92
69,96
69,97
69,100
69,112
69,113
69,116
69,131
69,133
69,135
69,137
69,141
69,192
69,193
69,194
69,195
69,196
69,198
69,200
69,201
69,204
69,257
69,261
69,263
69,321
69,322
69,323
69,324
69,326
69,353
69,388
69,389
69,449
69,452
69,454
70,72
70,74
70,75
70,76
70,77
70,81
70,82
70,83
70,84
70,85
70,90
70,91
70,92
70,93
70,260
70,261
70,262
70,263
70,267
70,268
70,269
70,270
70,271
70,278
70,322
70,323
70,324
70,325
70,328
70,330
70,331
70,332
70,333
71,74
71,75
71,76
71,77
71,78
71,81
71,83
71,85
71,86
71,90
71,91
71,93
71,94
71,101
71,106
71,107
71,108
71,109
71,110
71,131
71,133
71,135
71,150
71,151
71,193
71,194
71,195
71,197
71,198
71,209
71,211
71,212
71,213
71,214
71,261
71,263
71,267
71,269
71,271
71,275
71,279
71,322
71,323
71,324
71,325
71,326
71,330
71,331
71,332
71,333
71,334
71,339
71,452
71,453
71,454
72,80
72,84
72,96
72,98
72,136
72,168
72,192
72,224
72,264
72,280
72,320
72,336
72,392
72,448
74,76
74,77
74,82
74,84
74,86
74,88
74,92
74,96
74,97
74,98
74,99
74,100
74,102
74,104
74,105
74,108
74,114
74,118
74,120
74,138
74,142
74,192
74,194
74,200
74,216
74,259
74,265
74,267
74,321
74,323
74,328
74,329
74,386
74,392
74,394
74,448
74,450
74,456
75,76
75,77
75,78
75,97
75,99
75,101
75,103
75,104
75,105
75,106
75,108
75,109
75,110
75,259
75,265
75,267
75,269
75,271
75,291
75,297
75,299
75,321
75,323
75,325
75,326
75,327
75,328
75,329
75,330
75,332
75,333
75,334
75,353
75,355
75,360
75,361
75,362
76,81
76,82
76,84
76,85
76,86
76,88
76,89
76,90
76,100
76,104
76,116
76,133
76,137
76,141
76,164
76,168
76,172
76,193
76,197
76,200
76,201
76,224
76,228
76,232
76,262
76,268
76,270
76,280
76,284
76,286
76,320
76,324
76,326
76,328
76,330
76,340
76,344
76,360
77,78
77,81
77,83
77,85
77,86
77,87
77,88
77,89
77,90
77,91
77,92
77,94
77,133
77,135
77,137
77,139
77,141
77,143
77,153
77,156
77,157
77,193
77,195
77,197
77,199
77,200
77,201
77,202
77,203
77,204
77,206
77,209
77,213
77,216
77,217
77,220
78,82
78,83
78,84
78,85
78,86
78,87
78,90
78,91
78,92
78,93
78,100
78,102
78,104
78,106
78,108
78,114
78,118
78,122
78,133
78,135
78,138
78,139
78,141
78,142
78,143
78,195
78,197
78,199
78,202
78,203
78,205
78,262
78,267
78,268
78,269
78,270
78,271
78,284
78,286
78,294
78,302
78,325
78,326
78,327
78,328
78,330
78,331
78,332
78,333
78,348
78,354
78,358
78,360
78,362
78,364
79,83
79,85
79,86
79,87
79,90
79,91
79,93
79,94
79,101
79,103
79,106
79,107
79,108
79,109
79,110
79,133
79,135
79,139
79,141
79,143
79,175
79,195
79,197
79,199
79,202
79,203
79,205
79,206
79,233
79,235
79,237
79,267
79,269
79,271
79,281
79,283
79,285
79,287
79,325
79,326
79,327
79,330
79,331
79,332
79,333
79,334
79,345
79,347
79,349
80,97
80,98
80,136
80,144
80,152
80,192
80,194
80,200
81,82
81,86
81,88
81,92
81,97
81,104
81,105
81,112
81,114
81,120
81,145
81,161
81,177
81,192
81,193
81,195
81,208
81,225
81,240
81,257
81,265
81,273
81,281
81,289
81,305
81,321
81,328
81,329
81,336
81,344
81,352
81,353
81,368
81,400
81,401
81,433
81,449
81,464
82,84
82,88
82,92
82,98
82,102
82,106
82,110
82,112
82,113
82,116
82,120
82,134
82,148
82,150
82,162
82,176
82,178
82,192
82,194
82,198
82,208
82,212
82,226
82,240
82,259
82,273
82,274
82,275
82,321
82,323
82,337
82,386
82,400
82,402
82,448
82,450
82,464
83,85
83,86
83,90
83,93
83,94
83,105
83,106
83,107
83,112
83,113
83,114
83,120
83,121
83,122
83,135
83,150
83,151
83,161
83,163
83,177
83,178
83,179
83,193
83,195
83,198
83,199
83,209
83,212
83,213
83,214
83,225
83,227
83,240
83,241
83,242
83,259
83,263
83,267
83,273
83,275
83,279
83,281
83,283
83,321
83,323
83,327
83,329
83,331
83,337
83,338
83,344
83,345
83,346
83,401
83,402
83,403
83,450
83,451
83,465
83,466
84,88
84,90
84,100
84,102
84,108
84,112
84,114
84,134
84,142
84,144
84,148
84,150
84,156
84,158
84,164
84,166
84,176
84,180
84,182
84,192
84,194
84,196
84,198
84,200
84,202
84,204
84,206
84,208
84,210
84,216
84,218
84,226
84,228
84,230
84,240
84,242
85,86
85,88
85,89
85,90
85,91
85,92
85,94
85,97
85,100
85,101
85,107
85,108
85,109
85,111
85,112
85,113
85,116
85,118
85,121
85,123
85,124
86,90
86,91
86,92
86,93
86,102
86,106
86,110
86,112
86,114
86,116
86,117
86,122
86,134
86,142
86,148
86,150
86,158
86,166
86,180
86,182
86,194
86,198
86,202
86,206
86,208
86,210
86,212
86,216
86,218
86,220
86,226
86,230
86,240
86,242
86,244
86,262
86,278
86,326
86,390
86,404
86,406
86,448
86,450
86,452
86,454
86,464
86,466
86,468
87,90
87,91
87,93
87,94
87,107
87,109
87,111
87,116
87,117
87,118
87,123
87,125
87,135
87,143
87,150
87,151
87,157
87,159
87,195
87,198
87,199
87,206
87,207
87,209
87,211
87,212
87,213
87,214
87,220
87,221
87,222
87,263
87,275
87,279
87,323
87,327
87,339
88,97
88,98
88,104
88,105
88,106
88,113
88,114
88,136
88,148
88,152
88,156
88,200
88,202
88,204
88,208
88,212
88,265
88,268
88,280
88,281
88,282
88,284
88,321
88,324
88,328
88,329
88,332
88,336
88,337
88,340
88,408
88,448
88,456
88,464
88,468
89,92
89,97
89,101
89,104
89,105
89,108
89,109
89,113
89,117
89,120
89,124
89,265
89,269
89,281
89,284
89,285
89,297
89,313
89,321
89,325
89,328
89,329
89,332
89,333
89,336
89,337
89,341
89,344
89,348
89,353
89,360
89,361
89,368
89,369
89,376
90,92
90,93
90,98
90,102
90,105
90,106
90,107
90,110
90,113
90,114
90,115
90,118
90,120
90,121
90,142
90,150
90,158
90,170
90,178
90,184
90,186
90,200
90,202
90,206
90,212
90,214
90,216
90,220
90,226
90,234
90,242
90,248
90,259
90,267
90,275
90,280
90,281
90,282
90,283
90,323
90,329
90,331
90,339
90,344
90,345
90,402
90,408
90,410
90,448
90,450
90,456
90,458
90,464
90,466
90,472
91,93
91,94
91,105
91,106
91,107
91,109
91,111
91,113
91,115
91,117
91,119
91,120
91,121
91,122
91,125
91,259
91,267
91,275
91,281
91,283
91,285
91,287
91,323
91,329
91,331
91,333
91,335
91,339
91,344
91,345
91,346
91,349
91,361
91,363
91,376
91,377
91,378
92,100
92,101
92,108
92,109
92,113
92,116
92,117
92,121
92,142
92,148
92,150
92,153
92,156
92,157
92,158
92,197
92,200
92,202
92,204
92,205
92,206
92,208
92,209
92,212
92,213
92,214
92,216
92,217
92,218
92,268
92,269
92,270
92,280
92,281
92,284
92,285
92,286
92,324
92,325
92,332
92,333
92,334
92,337
92,340
92,341
92,344
92,345
92,464
92,468
92,472
93,94
93,101
93,107
93,108
93,109
93,111
93,113
93,117
93,119
93,121
93,123
93,124
93,153
93,156
93,157
93,197
93,204
93,205
93,209
93,213
93,216
93,217
93,220
93,269
93,281
93,284
93,285
93,325
93,332
93,333
93,337
93,341
93,345
93,348
93,449
93,453
93,457
93,461
93,465
93,469
93,473
94,102
94,106
94,110
94,114
94,118
94,122
94,142
94,143
94,150
94,157
94,158
94,159
94,199
94,202
94,206
94,207
94,212
94,213
94,214
94,215
94,216
94,218
94,220
94,221
94,268
94,270
94,284
94,286
94,332
94,334
94,348
94,406
94,414
94,466
94,470
94,474
95,107
95,109
95,111
95,117
95,119
95,123
95,125
95,143
95,157
95,159
95,199
95,206
95,207
95,213
95,215
95,220
95,221
95,222
95,281
95,283
95,285
95,287
95,333
95,335
95,345
95,347
95,349
96,264
96,288
96,290
96,296
96,320
96,322
96,324
96,328
97,100
97,104
97,106
97,112
97,116
97,120
97,137
97,145
97,161
97,165
97,169
97,177
97,193
97,196
97,197
97,200
97,201
97,208
97,209
97,224
97,228
97,232
97,240
97,244
97,259
97,289
97,290
97,291
97,320
97,321
97,322
97,323
97,325
97,352
97,354
97,417
98,104
98,112
98,120
98,130
98,138
98,160
98,162
98,170
98,176
98,178
98,184
98,186
98,194
98,200
98,202
98,208
98,210
98,216
98,218
98,224
98,232
98,240
98,248
98,274
98,288
98,290
98,304
98,306
98,322
98,338
98,352
98,360
98,368
98,416
98,418
98,432
98,434
98,450
98,464
98,466
98,480
98,496
99,104
99,105
99,106
99,131
99,139
99,161
99,162
99,163
99,171
99,193
99,195
99,202
99,203
99,224
99,225
99,226
99,232
99,233
99,234
99,259
99,267
99,290
99,291
99,297
99,299
99,321
99,322
99,323
99,331
99,352
99,353
99,354
99,360
99,361
99,362
99,418
99,419
99,457
99,459
99,482
99,489
100,104
100,106
100,112
100,113
100,148
100,160
100,164
100,165
100,176
100,180
100,193
100,196
100,197
100,212
100,224
100,225
100,240
100,241
100,262
100,276
100,290
100,294
100,304
100,308
100,320
100,322
100,324
100,326
100,340
100,352
100,354
100,368
100,388
100,416
100,420
100,452
100,480
101,106
101,107
101,108
101,110
101,112
101,113
101,116
101,121
101,124
101,141
101,165
101,173
101,193
101,196
101,197
101,201
101,204
101,205
101,224
101,225
101,228
101,232
101,233
101,236
101,240
101,241
101,244
101,263
101,277
101,294
101,295
101,305
101,308
101,309
101,321
101,322
101,323
101,325
101,326
101,327
101,341
101,353
101,354
101,355
101,358
101,368
101,369
101,372
101,417
101,420
101,421
101,452
101,453
101,481
101,484
102,104
102,106
102,108
102,112
102,114
102,116
102,122
102,262
102,270
102,278
102,290
102,294
102,302
102,306
102,310
102,316
102,318
102,322
102,324
102,326
102,332
102,334
102,342
102,352
102,354
102,356
102,360
102,362
102,364
102,368
102,370
102,372
102,380
103,106
103,107
103,108
103,109
103,110
103,263
103,271
103,294
103,295
103,299
103,303
103,322
103,323
103,325
103,326
103,327
103,334
103,335
103,353
103,354
103,355
103,357
103,358
103,362
103,363
103,366
104,113
104,136
104,137
104,138
104,164
104,168
104,169
104,170
104,172
104,174
104,193
104,194
104,200
104,201
104,202
104,204
104,224
104,225
104,226
104,228
104,264
104,280
104,296
104,304
104,312
104,328
104,332
104,336
104,344
104,352
104,354
104,368
105,106
105,113
105,115
105,120
105,122
105,137
105,139
105,153
105,169
105,171
105,177
105,185
105,193
105,195
105,200
105,201
105,202
105,203
105,209
105,216
105,217
105,224
105,225
105,226
105,227
105,232
105,234
105,241
105,248
106,108
106,109
106,113
106,114
106,115
106,118
106,120
106,121
106,138
106,170
106,172
106,174
106,178
106,184
106,186
106,194
106,200
106,202
106,216
106,218
106,224
106,226
106,232
106,236
106,242
106,248
106,259
106,267
106,291
106,297
106,299
106,323
106,331
106,352
106,353
106,354
106,355
106,360
106,361
107,108
107,109
107,110
107,113
107,115
107,117
107,119
107,120
107,121
107,122
107,125
107,139
107,171
107,195
107,202
107,203
107,224
107,225
107,226
107,227
107,232
107,233
107,234
107,259
107,267
107,291
107,297
107,299
107,323
107,331
107,353
107,355
107,360
107,361
107,362
107,457
107,459
107,483
107,489
108,113
108,116
108,117
108,121
108,141
108,164
108,168
108,170
108,172
108,173
108,174
108,201
108,204
108,205
108,224
108,225
108,228
108,229
108,232
108,233
108,234
108,270
108,280
108,284
108,294
108,302
108,308
108,312
108,316
108,328
108,332
108,334
108,340
108,344
108,348
108,354
108,358
108,360
108,362
108,372
108,376
108,420
108,424
108,428
108,452
108,460
108,480
108,484
108,488
109,110
109,113
109,117
109,119
109,121
109,123
109,124
109,141
109,143
109,173
109,175
109,201
109,203
109,204
109,205
109,207
109,217
109,220
109,221
109,224
109,225
109,228
109,229
109,232
109,233
109,235
109,236
109,249
109,252
110,114
110,118
110,122
110,170
110,172
110,174
110,232
110,234
110,236
110,270
110,271
110,294
110,299
110,302
110,303
110,310
110,316
110,318
110,327
110,332
110,334
110,335
110,354
110,355
110,358
110,359
110,360
110,362
110,363
110,364
110,374
110,380
111,117
111,119
111,123
111,125
111,143
111,175
111,203
111,207
111,233
111,235
111,237
111,271
111,299
111,303
111,327
111,334
111,335
111,355
111,359
111,362
111,363
111,366
112,272
112,274
112,276
112,277
112,278
112,288
112,289
112,304
112,305
112,306
112,308
112,309
112,310
112,321
112,324
112,325
112,326
112,336
112,337
112,338
112,340
112,341
112,342
112,352
112,353
112,354
112,356
112,357
112,358
113,114
113,116
113,120
113,122
113,124
113,145
113,153
113,161
113,169
113,177
113,185
113,208
113,209
113,216
113,217
113,225
113,228
113,229
113,232
113,233
113,240
113,244
113,248
113,277
113,289
113,305
113,308
113,309
113,321
113,325
113,336
113,337
113,341
113,352
113,353
113,357
113,368
113,372
113,401
113,433
113,465
114,116
114,120
114,161
114,162
114,163
114,170
114,176
114,177
114,178
114,179
114,184
114,186
114,194
114,195
114,202
114,208
114,209
114,210
114,211
114,216
114,218
114,225
114,226
114,227
114,234
114,240
114,241
114,248
114,274
114,278
114,304
114,306
114,310
114,312
114,314
114,326
114,338
114,342
114,352
114,354
114,356
114,358
114,368
114,372
114,376
114,418
114,432
114,434
114,464
114,466
114,482
114,496
115,120
115,121
115,122
115,161
115,163
115,171
115,177
115,178
115,179
115,185
115,187
115,195
115,209
115,211
115,225
115,227
115,234
115,235
115,240
115,241
115,242
115,248
115,249
115,250
116,148
116,164
116,166
116,176
116,180
116,182
116,196
116,210
116,212
116,214
116,225
116,226
116,228
116,229
116,230
116,240
116,241
116,242
116,276
116,277
116,278
116,280
116,284
116,304
116,305
116,306
116,308
116,309
116,310
116,312
116,316
116,324
116,325
116,326
116,332
116,340
116,341
116,342
116,344
116,348
116,352
116,353
116,356
116,357
116,358
116,360
116,364
116,368
116,369
116,370
116,376
117,118
117,121
117,123
117,124
117,225
117,228
117,229
117,240
117,241
117,244
117,277
117,285
117,305
117,308
117,309
117,313
117,317
117,325
117,341
117,348
117,349
117,353
117,357
117,368
117,369
117,372
117,376
117,377
117,380
118,122
118,166
118,180
118,182
118,210
118,212
118,214
118,226
118,230
118,240
118,242
118,244
118,278
118,306
118,310
118,316
118,318
118,326
118,342
118,356
118,358
118,364
118,366
118,368
118,370
118,372
118,380
118,454
118,468
118,470
118,482
118,486
118,496
118,498
118,500
119,123
119,125
120,280
120,296
120,297
120,304
120,306
120,312
120,313
120,314
120,328
120,331
120,336
120,337
120,344
120,345
120,347
120,353
120,360
120,361
120,363
120,368
120,369
120,370
121,122
121,124
121,153
121,169
121,177
121,185
121,204
121,205
121,209
121,216
121,217
121,220
121,221
121,232
121,233
121,236
121,237
121,241
121,248
121,252
121,297
121,313
121,331
121,336
121,337
121,344
121,345
121,347
121,353
121,360
121,361
121,363
121,368
121,369
121,376
121,378
122,170
122,171
122,178
122,184
122,185
122,186
122,187
122,202
122,216
122,218
122,226
122,227
122,234
122,235
122,241
122,242
122,243
122,248
122,249
122,304
122,306
122,312
122,314
122,331
122,347
122,361
122,363
122,368
122,370
122,376
122,377
123,125
123,171
123,185
123,187
123,227
123,234
123,235
123,241
123,243
123,248
123,249
123,250
123,331
123,347
123,361
123,363
123,376
123,377
123,378
124,280
124,284
124,285
124,308
124,312
124,313
124,316
124,317
124,332
124,340
124,341
124,344
124,348
124,349
124,360
124,364
124,369
124,372
124,373
124,376
124,377
125,204
125,205
125,217
125,220
125,221
125,236
125,237
125,249
125,252
125,285
125,313
125,317
125,341
125,348
125,349
125,369
125,373
125,376
125,377
125,380
126,310
126,316
126,318
126,358
126,364
126,366
126,374
126,380
129,130
129,136
129,144
129,152
129,192
129,194
129,200
129,265
129,273
129,392
129,400
130,132
130,133
130,136
130,140
130,160
130,161
130,192
130,224
130,258
130,266
130,322
130,384
130,392
130,448
131,132
131,133
131,134
131,136
131,137
131,138
131,145
131,148
131,149
131,150
131,161
131,162
131,164
131,165
131,166
131,176
131,177
131,178
131,193
131,194
131,197
131,198
131,202
131,224
131,225
131,226
131,229
131,265
131,266
131,267
131,273
131,274
131,275
131,386
131,392
131,393
131,394
131,400
131,401
131,402
132,144
132,160
132,176
132,258
132,260
132,261
132,262
132,384
132,385
132,386
132,416
133,134
133,137
133,138
133,139
133,140
133,142
133,192
133,193
133,194
133,195
133,196
133,198
133,200
133,201
133,202
133,203
133,204
133,206
133,260
133,261
133,268
133,269
133,321
133,324
133,325
133,332
133,333
133,385
133,388
133,390
133,393
133,396
133,449
133,452
133,456
133,457
133,460
134,137
134,138
134,139
134,140
134,141
134,145
134,147
134,148
134,149
134,152
134,154
134,156
134,160
134,162
134,163
134,164
134,165
134,170
134,172
134,194
134,208
134,210
134,212
134,258
134,262
134,322
134,324
134,326
134,386
134,388
134,389
134,418
134,448
134,450
134,452
135,137
135,138
135,139
135,140
135,141
135,142
135,145
135,147
135,148
135,149
135,150
135,163
135,164
135,165
135,166
135,174
135,177
135,179
135,180
135,181
135,182
135,193
135,194
135,195
135,197
135,198
135,202
135,203
135,205
135,206
135,209
135,211
135,212
135,213
135,214
135,225
135,227
135,229
135,273
135,275
135,277
135,278
135,279
135,388
135,389
135,390
135,401
135,403
135,404
135,405
135,406
136,144
136,176
136,192
136,193
136,208
136,224
137,138
137,140
137,142
137,145
137,152
137,176
137,177
137,184
137,192
137,193
137,197
137,200
137,204
137,224
137,225
137,232
137,261
137,265
137,266
137,267
137,268
137,269
137,321
137,328
137,329
137,385
137,387
137,389
137,392
137,394
137,396
137,398
137,401
137,449
137,456
138,140
138,141
138,148
138,150
138,152
138,156
138,162
138,176
138,178
138,184
138,192
138,194
138,195
138,200
138,224
138,226
138,232
138,262
138,265
138,266
138,267
138,270
138,274
138,282
138,384
138,386
138,387
138,388
138,390
138,392
138,393
138,396
138,397
138,400
138,402
138,408
139,140
139,141
139,142
139,149
139,150
139,151
139,153
139,156
139,157
139,158
139,163
139,178
139,179
139,184
139,185
139,186
139,194
139,195
139,197
139,199
139,202
139,205
139,206
139,224
139,225
139,226
139,227
139,232
139,233
139,234
139,265
139,266
139,267
139,282
139,283
139,323
139,329
139,330
139,331
139,387
139,392
139,393
139,394
139,396
139,397
139,398
139,401
139,402
139,403
139,409
139,410
139,451
139,456
139,457
139,458
140,144
140,145
140,148
140,149
140,150
140,151
140,152
140,153
140,154
140,155
140,162
140,164
140,166
140,168
140,170
140,180
140,182
140,184
140,186
141,142
141,145
141,149
141,150
141,151
141,152
141,153
141,155
141,156
141,158
141,172
141,193
141,195
141,197
141,199
141,200
141,201
141,202
141,203
141,204
141,206
141,224
141,225
141,228
141,229
141,232
141,233
141,236
141,261
141,268
141,269
141,277
141,285
141,325
141,332
141,333
141,385
141,389
141,393
141,394
141,395
141,396
141,398
141,405
141,449
141,453
141,456
141,457
141,460
142,148
142,149
142,150
142,151
142,152
142,153
142,154
142,155
142,156
142,157
142,162
142,166
142,167
142,170
142,172
142,180
142,182
142,186
142,188
142,202
142,212
142,214
142,216
142,218
142,220
142,262
142,266
142,270
142,300
142,302
142,386
142,388
142,390
142,393
142,394
142,395
142,396
142,397
142,418
142,422
142,424
142,426
142,428
143,149
143,150
143,151
143,153
143,155
143,156
143,157
143,158
143,166
143,167
143,174
143,195
143,197
143,199
143,202
143,203
143,205
143,206
143,213
143,215
143,220
143,221
143,222
143,233
143,235
143,237
143,393
143,394
143,395
143,396
143,397
143,398
144,160
144,161
144,168
144,192
144,196
144,272
144,273
144,336
144,384
144,385
144,448
145,148
145,150
145,152
145,156
145,161
145,162
145,163
145,176
145,178
145,192
145,193
145,208
145,216
145,225
145,240
145,273
145,274
145,275
145,304
145,305
145,336
145,337
145,369
145,385
145,386
145,387
145,393
145,400
145,402
145,416
145,417
145,432
145,449
145,464
147,148
147,149
147,150
147,161
147,162
147,163
147,166
147,167
147,176
147,177
147,178
147,180
147,181
147,182
147,273
147,274
147,275
147,277
147,278
147,279
147,306
147,307
147,386
147,387
147,390
147,391
147,400
147,401
147,402
147,404
147,405
147,406
147,417
147,418
147,419
147,432
147,433
147,434
148,152
148,154
148,164
148,168
148,172
148,176
148,184
148,192
148,194
148,196
148,198
148,200
148,204
148,208
148,210
148,216
148,228
148,236
148,240
148,261
148,273
148,276
148,277
148,284
148,384
148,385
148,388
148,389
148,400
148,401
148,432
149,150
149,152
149,153
149,155
149,156
149,158
149,261
149,269
149,273
149,275
149,277
149,278
149,279
149,285
149,385
149,388
149,389
149,390
149,391
149,397
149,400
149,401
149,403
149,404
149,406
149,410
149,411
149,414
150,152
150,153
150,154
150,155
150,156
150,157
150,194
150,195
150,198
150,199
150,202
150,206
150,208
150,209
150,210
150,211
150,212
150,213
150,216
150,218
150,220
151,153
151,155
151,156
151,157
151,158
151,166
151,167
151,177
151,179
151,180
151,181
151,182
151,195
151,198
151,199
151,209
151,211
151,212
151,213
151,214
151,240
151,241
151,242
151,243
151,244
151,245
151,246
151,273
151,275
151,277
151,278
151,279
151,390
151,391
151,401
151,403
151,404
151,405
151,406
151,410
151,411
151,413
151,414
152,162
152,164
152,168
152,169
152,170
152,172
152,176
152,177
152,178
152,180
152,200
152,208
152,209
152,232
152,266
152,274
152,282
152,328
152,336
152,344
152,386
152,394
152,400
152,402
152,448
152,456
152,464
153,156
153,158
153,163
153,169
153,171
153,176
153,177
153,178
153,179
153,184
153,186
153,188
153,197
153,204
153,205
153,208
153,209
153,213
153,216
153,220
153,232
153,233
153,241
153,248
153,266
153,267
153,282
153,283
153,329
153,336
153,337
153,344
153,345
153,385
153,387
153,393
153,394
153,395
153,401
153,402
153,403
153,410
153,449
153,457
153,464
153,465
153,472
154,156
154,162
154,166
154,170
154,172
154,174
154,176
154,178
154,180
154,182
154,184
154,188
154,266
154,270
154,274
154,278
154,282
154,286
154,306
154,312
154,314
154,386
154,390
154,394
154,398
154,400
154,402
154,404
154,406
154,408
154,412
154,418
154,426
154,432
154,434
154,440
155,156
155,157
155,158
155,163
155,171
155,178
155,179
155,182
155,183
155,184
155,185
155,186
155,190
155,266
155,267
155,282
155,283
155,387
155,394
155,395
155,401
155,402
155,403
155,405
155,406
155,407
155,409
155,410
155,413
155,414
155,419
155,427
155,434
155,435
155,442
156,164
156,166
156,168
156,170
156,172
156,174
156,180
156,182
156,184
156,185
156,186
156,197
156,200
156,204
156,205
156,208
156,209
156,212
156,213
156,216
156,217
156,228
156,236
156,244
156,266
156,270
156,276
156,278
156,282
156,284
156,286
156,390
156,394
156,398
156,404
156,406
156,410
157,158
157,184
157,185
157,188
157,197
157,199
157,204
157,205
157,206
157,207
157,209
157,213
157,215
157,216
157,217
157,220
157,222
157,261
157,269
157,277
157,285
157,389
157,397
157,405
157,406
157,407
157,410
157,411
157,414
158,166
158,170
158,172
158,174
158,179
158,180
158,182
158,183
158,186
158,187
158,188
158,202
158,206
158,212
158,214
158,216
158,218
158,220
158,266
158,270
158,278
158,282
158,286
158,350
158,390
158,394
158,398
158,404
158,406
158,410
158,412
158,466
158,470
158,474
159,179
159,182
159,183
159,187
159,190
159,199
159,206
159,207
159,213
159,215
159,220
159,221
159,222
159,405
159,406
159,407
159,410
159,411
159,413
159,414
160,194
160,196
160,272
160,288
160,304
160,384
160,388
160,400
161,162
161,176
161,178
161,193
161,195
161,208
161,209
161,211
161,224
161,226
161,240
161,242
161,275
161,288
161,289
161,290
161,291
161,304
161,305
161,306
161,307
161,353
161,385
161,386
161,387
161,401
161,403
161,416
161,418
161,432
161,434
162,164
162,172
162,176
162,177
162,184
162,193
162,194
162,195
162,208
162,210
162,224
162,225
162,228
162,240
162,289
162,290
162,291
162,322
162,354
162,355
162,384
162,386
162,387
162,390
162,416
162,417
162,450
162,480
163,164
163,165
163,166
163,176
163,177
163,178
163,184
163,185
163,186
163,193
163,195
163,197
163,199
163,209
163,211
163,224
163,225
163,226
163,229
163,240
163,241
163,242
163,275
163,289
163,290
163,291
163,293
163,295
163,306
163,307
163,354
163,355
163,386
163,387
163,389
163,390
163,391
163,403
163,417
163,418
163,421
163,422
163,432
163,433
163,434
163,482
164,168
164,176
164,184
164,196
164,204
164,212
164,220
164,224
164,226
164,232
164,240
164,261
164,268
164,289
164,293
164,296
164,300
164,324
164,352
164,356
164,384
164,385
164,388
164,389
164,396
164,416
164,417
164,424
164,452
164,480
165,166
165,193
165,195
165,196
165,197
165,199
165,224
165,225
165,227
165,228
165,261
165,289
165,291
165,293
165,295
165,325
165,353
165,357
165,358
165,359
165,385
165,388
165,389
165,390
165,391
165,416
165,417
165,418
165,419
165,420
165,422
165,452
165,453
165,481
165,484
165,486
166,170
166,172
166,177
166,179
166,180
166,181
166,186
166,188
166,210
166,212
166,214
166,224
166,226
166,228
166,240
166,242
166,244
166,270
166,291
166,293
166,295
166,300
166,302
166,322
166,326
166,354
166,356
166,358
166,386
166,389
166,390
166,391
166,396
166,398
166,418
166,419
166,421
166,424
166,426
166,428
166,450
166,454
166,480
166,482
166,484
167,174
167,177
167,179
167,180
167,181
167,182
167,193
167,195
167,197
167,199
167,225
167,227
167,229
167,279
167,291
167,293
167,295
167,307
167,311
167,357
167,358
167,359
167,389
167,390
167,391
167,405
167,407
167,418
167,419
167,421
167,422
167,433
167,435
167,437
167,485
167,486
168,176
168,180
168,200
168,204
168,216
168,224
168,228
168,268
168,284
168,288
168,296
168,300
168,312
168,316
168,328
168,332
168,352
168,360
168,364
168,384
168,388
168,392
168,396
168,400
168,404
168,408
168,412
168,416
168,420
168,432
168,436
168,452
168,456
168,460
168,480
168,484
169,176
169,177
169,184
169,193
169,200
169,201
169,209
169,216
169,217
169,224
169,225
169,232
169,241
169,248
169,265
169,289
169,297
169,345
169,353
169,360
169,361
169,377
169,385
169,392
169,393
169,416
169,417
169,424
169,432
169,433
169,440
169,456
169,457
169,473
169,481
169,488
170,172
170,176
170,178
170,180
170,182
170,184
170,188
170,194
170,200
170,202
170,214
170,216
170,218
170,222
170,224
170,226
170,232
170,236
170,242
170,246
170,248
171,178
171,179
171,184
171,185
171,186
171,195
171,202
171,203
171,224
171,225
171,226
171,227
171,232
171,233
171,234
171,241
171,243
171,248
171,249
171,250
172,180
172,182
172,184
172,186
172,204
172,212
172,220
172,224
172,228
172,232
172,234
172,244
172,268
172,269
172,284
172,296
172,297
172,300
172,301
172,316
172,332
172,360
172,364
172,385
172,388
172,389
172,393
172,396
172,397
172,404
172,412
172,416
172,417
172,420
172,421
172,424
172,425
172,432
172,436
172,440
172,452
172,460
172,480
172,484
172,488
173,201
173,204
173,205
173,224
173,225
173,228
173,229
173,232
173,233
173,236
173,269
173,297
173,301
173,385
173,389
173,393
173,396
173,397
173,417
173,420
173,421
173,425
173,428
173,453
173,460
173,461
173,481
173,485
173,488
173,489
173,492
174,180
174,182
174,186
174,188
174,214
174,218
174,222
174,232
174,234
174,236
174,246
174,250
174,270
174,286
174,300
174,302
174,314
174,318
174,390
174,396
174,398
174,412
174,414
174,418
174,422
174,424
174,426
174,428
174,440
174,442
174,444
175,203
175,207
175,233
175,235
175,237
176,194
176,196
176,208
176,210
176,212
176,226
176,228
176,272
176,296
176,304
176,305
176,312
176,385
176,400
176,401
176,404
176,408
176,416
176,417
176,424
176,425
177,178
177,180
177,182
177,184
177,195
177,208
177,209
177,211
177,216
177,217
177,225
177,227
177,232
177,233
177,240
177,242
177,248
177,275
177,304
177,305
177,306
177,307
177,337
177,369
177,385
177,387
177,401
177,403
177,416
177,417
177,418
177,419
177,424
177,425
177,432
177,434
177,440
177,465
178,184
178,185
178,194
178,195
178,202
178,208
178,209
178,210
178,211
178,216
178,218
178,225
178,226
178,227
178,234
178,240
178,241
178,248
179,180
179,181
179,182
179,184
179,185
179,186
179,190
179,195
179,209
179,211
179,225
179,227
179,240
179,241
179,242
179,275
179,306
179,307
179,338
179,339
179,370
179,371
179,387
179,403
179,417
179,418
179,419
179,432
179,433
179,434
179,466
179,467
179,498
180,184
180,186
180,196
180,204
180,210
180,212
180,214
180,220
180,226
180,228
180,230
180,236
180,240
180,242
180,284
180,293
180,300
180,305
180,309
180,316
180,340
180,356
180,368
180,372
180,385
180,389
180,400
180,401
180,404
180,405
180,412
180,417
180,421
180,424
180,428
180,432
180,433
180,440
180,452
180,468
180,484
180,496
181,182
181,279
181,293
181,305
181,307
181,309
181,311
181,385
181,389
181,391
181,401
181,404
181,405
181,407
181,417
181,419
181,421
181,423
181,432
181,433
181,435
181,436
182,186
182,187
182,188
182,210
182,211
182,212
182,214
182,215
182,218
182,222
182,226
182,230
182,234
182,238
182,240
182,241
182,242
182,243
182,244
182,245
182,250
183,187
183,190
183,211
183,215
183,240
183,241
183,242
183,243
183,244
183,245
183,246
183,279
183,307
183,311
183,391
183,405
183,407
183,419
183,423
183,433
183,435
183,437
184,200
184,202
184,216
184,218
184,226
184,232
184,234
184,242
184,284
184,296
184,300
184,306
184,312
184,314
184,316
184,394
184,400
184,404
184,408
184,410
184,412
184,416
184,417
184,418
184,424
184,425
184,426
184,428
184,432
184,433
184,434
184,436
185,186
185,188
185,209
185,216
185,217
185,227
185,232
185,233
185,234
185,235
185,241
185,243
185,248
185,250
185,345
185,361
185,377
185,416
185,417
185,424
185,425
185,432
185,433
185,440
185,473
185,489
186,188
186,202
186,214
186,216
186,218
186,222
186,226
186,234
186,238
186,242
186,246
186,248
186,306
186,312
186,314
186,387
186,394
186,395
186,403
186,408
186,410
186,411
186,418
186,419
186,426
186,427
186,432
186,434
186,435
186,440
187,190
187,227
187,234
187,235
187,241
187,243
187,248
187,249
187,250
187,387
187,395
187,403
187,411
187,419
187,427
187,434
187,435
187,442
188,204
188,212
188,220
188,228
188,236
188,244
188,284
188,286
188,300
188,301
188,314
188,316
188,317
188,318
188,398
188,404
188,412
188,414
188,421
188,424
188,426
188,428
188,429
188,430
188,432
188,436
188,437
188,440
188,442
189,301
189,316
189,317
189,421
189,429
189,436
189,437
189,444
190,214
190,218
190,222
190,234
190,238
190,246
190,250
190,286
190,314
190,318
190,398
190,412
190,414
190,426
190,430
190,440
190,442
190,444
193,194
193,196
193,198
193,200
193,204
193,208
193,212
193,224
193,226
193,228
193,232
193,265
193,273
193,321
193,328
193,329
193,336
193,337
193,392
193,393
193,400
193,401
193,456
193,464
194,197
194,200
194,208
194,212
194,224
194,232
194,240
194,274
194,290
194,322
194,323
194,330
194,338
194,354
194,386
194,392
194,394
194,400
194,402
194,416
194,418
194,448
194,456
194,464
194,480
194,488
195,197
195,198
195,202
195,205
195,206
195,209
195,212
195,213
195,214
195,224
195,225
195,226
195,229
195,232
195,233
195,234
195,240
195,241
195,242
195,273
195,275
195,322
195,323
195,329
195,330
195,331
195,337
195,338
195,339
195,392
195,393
195,394
195,395
195,401
195,402
195,403
195,450
195,456
195,457
195,458
195,465
195,466
196,208
196,209
196,224
196,225
196,240
196,260
196,276
196,320
196,321
196,324
196,325
196,340
196,352
196,353
196,356
196,357
196,368
196,372
196,388
196,389
196,400
196,404
196,416
196,417
196,420
196,421
196,432
196,436
196,448
196,449
196,464
196,480
196,481
196,496
197,198
197,200
197,201
197,202
197,203
197,204
197,206
197,208
197,209
197,212
197,216
197,217
197,220
197,224
197,225
197,227
197,228
197,269
197,321
197,324
197,325
197,326
197,327
197,332
197,333
197,353
197,357
197,388
197,389
197,397
197,417
197,420
197,421
197,449
197,452
197,454
197,456
197,457
197,460
197,481
197,484
198,208
198,209
198,210
198,211
198,212
198,213
198,262
198,278
198,322
198,324
198,325
198,326
198,327
198,342
198,386
198,390
198,403
198,404
198,406
198,407
198,448
198,450
198,452
198,453
198,464
198,466
198,467
198,468
199,202
199,203
199,205
199,206
199,209
199,211
199,212
199,213
199,214
199,220
199,221
199,222
199,225
199,227
199,229
199,324
199,325
199,326
199,327
199,403
199,406
199,407
199,452
199,453
199,454
199,467
199,470
200,208
200,212
200,224
200,225
200,226
200,265
200,296
200,320
200,321
200,328
200,329
200,330
200,352
200,360
200,386
200,392
200,393
200,394
200,424
200,448
200,449
200,450
200,480
200,482
201,204
201,224
201,225
201,228
201,229
201,232
201,236
201,265
201,269
201,297
201,321
201,325
201,328
201,329
201,332
201,333
201,353
201,360
201,361
201,389
201,392
201,393
201,397
201,424
201,425
201,449
201,453
201,456
201,460
201,481
201,488
202,205
202,212
202,214
202,216
202,220
202,224
202,225
202,226
202,227
202,232
202,233
202,242
202,248
202,282
202,323
202,329
202,330
202,331
202,346
202,386
202,392
202,393
202,394
202,395
202,402
202,408
202,410
202,448
202,450
202,451
202,456
202,457
202,464
202,466
202,472
202,480
202,482
202,488
203,205
203,206
203,224
203,225
203,226
203,227
203,232
203,233
203,234
203,237
203,323
203,329
203,330
203,331
203,333
203,334
203,335
203,355
203,361
203,363
203,392
203,393
203,394
203,395
203,451
203,456
203,457
203,458
203,461
203,462
203,483
203,489
204,208
204,209
204,212
204,213
204,216
204,217
204,224
204,225
204,228
204,229
204,232
204,233
204,244
204,249
205,206
205,209
205,213
205,216
205,217
205,220
205,224
205,225
205,228
205,229
205,232
205,233
205,236
205,249
205,252
205,269
205,325
205,330
205,331
205,332
205,333
205,334
205,335
205,389
205,397
205,449
205,453
205,456
205,457
205,458
205,459
205,460
205,462
206,212
206,213
206,214
206,215
206,216
206,218
206,220
206,221
207,213
207,215
207,220
207,221
207,222
207,233
207,235
207,237
207,330
207,331
207,333
207,334
207,335
207,458
207,459
207,461
207,462
208,225
208,226
208,272
208,274
208,276
208,328
208,336
208,338
208,340
208,344
208,348
208,386
208,388
208,400
208,402
208,404
208,408
208,448
208,450
208,452
208,456
209,212
209,214
209,216
209,220
209,225
209,227
209,232
209,233
209,240
209,242
209,248
209,273
209,275
209,305
209,329
209,336
209,337
209,338
209,339
209,344
209,345
209,369
209,393
209,400
209,401
209,402
209,403
209,409
209,433
209,449
209,450
209,451
209,457
209,464
209,466
209,472
210,212
210,226
210,230
210,240
210,244
210,274
210,278
210,306
210,338
210,342
210,354
210,370
210,386
210,390
210,400
210,402
210,404
210,406
210,418
210,432
210,434
210,448
210,450
210,452
210,454
210,464
210,468
210,482
210,496
211,212
211,213
211,214
211,225
211,227
211,240
211,241
211,242
211,244
211,245
211,246
211,273
211,275
211,337
211,338
211,339
211,370
211,371
211,401
211,402
211,403
211,406
211,407
211,434
211,435
211,450
211,451
211,454
211,455
211,465
211,466
211,470
211,498
212,216
212,218
212,226
212,228
212,230
212,236
212,240
212,242
212,276
212,340
212,344
212,348
212,356
212,368
212,372
212,388
212,400
212,404
212,432
212,436
212,448
212,452
212,464
212,472
212,484
212,496
213,214
213,216
213,217
213,220
213,222
214,216
214,218
214,220
214,226
214,230
214,234
214,238
214,240
214,242
214,244
214,250
214,278
214,342
214,390
214,403
214,404
214,406
214,407
214,448
214,450
214,452
214,454
214,455
214,464
214,466
214,467
214,468
215,220
215,221
215,222
215,240
215,241
215,242
215,243
215,244
215,245
215,246
215,403
215,406
215,407
215,454
215,455
215,467
215,470
216,226
216,232
216,233
216,234
216,241
216,242
216,282
216,328
216,329
216,336
216,337
216,340
216,344
216,345
216,346
216,348
216,393
216,402
216,408
216,409
216,410
216,448
216,449
216,450
216,456
216,457
216,458
216,464
216,465
216,466
216,468
217,220
217,232
217,233
217,236
217,237
217,241
217,248
217,252
217,329
217,333
217,336
217,337
217,344
217,345
217,349
217,361
217,377
217,393
217,409
217,425
217,441
217,449
217,453
217,457
217,461
217,464
217,465
217,469
217,472
217,489
218,220
218,226
218,234
218,238
218,242
218,246
218,248
218,282
218,286
218,346
218,350
218,402
218,406
218,408
218,410
218,414
218,434
218,440
218,442
218,448
218,450
218,456
218,458
218,464
218,466
218,470
218,472
218,498
218,504
220,228
220,236
220,237
220,244
220,249
220,340
220,344
220,348
220,464
220,468
220,472
221,222
221,236
221,237
221,249
221,252
221,333
221,349
221,449
221,453
221,457
221,461
221,465
221,469
221,473
222,234
222,238
222,246
222,250
222,286
222,350
222,406
222,414
222,466
222,470
222,474
225,226
225,228
225,232
225,234
225,236
225,240
225,242
225,244
225,289
225,297
225,353
225,360
225,361
225,392
225,393
225,417
225,424
225,425
225,456
225,457
225,488
226,228
226,232
226,233
226,240
226,244
226,248
226,290
226,291
226,306
226,322
226,338
226,354
226,355
226,370
226,416
226,418
226,419
226,432
226,434
226,450
226,456
226,458
226,464
226,466
226,480
226,488
226,496
227,229
227,232
227,233
227,234
227,240
227,241
227,242
227,248
227,249
227,250
227,290
227,291
227,354
227,355
227,361
227,363
227,418
227,419
227,457
227,459
227,482
227,489
228,232
228,233
228,240
228,241
228,322
228,324
228,325
228,326
228,340
228,352
228,353
228,354
228,356
228,357
228,358
228,368
228,372
228,388
228,390
228,404
228,416
228,417
228,418
228,420
228,421
228,422
228,432
228,436
228,450
228,452
228,453
228,454
228,468
228,480
228,481
228,482
228,496
229,232
229,233
229,236
229,240
229,241
229,244
229,325
229,353
229,357
229,358
229,359
229,397
229,417
229,420
229,421
229,422
229,423
229,425
229,429
229,452
229,453
229,460
229,461
229,481
229,484
229,486
229,488
229,489
229,492
230,240
230,242
230,244
230,322
230,326
230,342
230,354
230,356
230,358
230,370
230,374
230,390
230,418
230,422
230,450
230,454
230,468
230,470
230,480
230,482
230,484
230,496
230,498
230,500
231,357
231,358
231,359
231,421
231,422
231,423
231,485
231,486
232,241
232,296
232,328
232,332
232,352
232,360
232,364
232,392
232,420
232,424
232,428
232,450
232,452
232,456
232,458
232,460
232,480
232,482
232,484
233,234
233,236
233,241
233,248
233,297
233,345
233,353
233,360
233,361
233,377
233,392
233,393
233,424
233,425
233,441
233,456
233,457
233,473
233,481
233,488
234,236
234,241
234,242
234,243
234,246
234,248
234,249
234,450
234,456
234,458
234,480
234,482
234,488
235,237
235,241
235,243
235,248
235,249
235,250
235,355
235,361
235,363
235,457
235,459
235,483
235,489
236,244
236,249
236,332
236,360
236,364
236,397
236,420
236,424
236,425
236,428
236,429
236,452
236,453
236,460
236,461
236,480
236,481
236,484
236,485
236,488
236,489
237,249
237,252
237,397
237,425
237,429
237,453
237,460
237,461
237,481
237,485
237,488
237,489
237,492
238,246
238,250
241,242
241,244
241,246
241,248
241,250
241,305
241,337
241,369
241,401
241,433
241,465
242,244
242,245
242,248
242,306
242,338
242,354
242,370
242,408
242,410
242,418
242,432
242,434
242,440
242,442
242,464
242,466
242,472
242,474
242,482
242,496
242,504
243,244
243,245
243,246
243,248
243,249
243,250
243,338
243,339
243,370
243,371
243,434
243,435
243,466
243,467
243,498
244,340
244,342
244,356
244,368
244,370
244,372
244,374
244,404
244,432
244,436
244,452
244,454
244,468
244,470
244,482
244,484
244,486
244,496
244,498
245,246
246,250
246,342
246,370
246,374
246,454
246,468
246,470
246,482
246,486
246,496
246,498
246,500
249,250
249,252
249,345
249,361
249,377
249,425
249,441
249,473
249,489
250,408
250,410
250,434
250,440
250,442
250,472
250,474
250,498
250,504
257,260
257,264
257,276
257,288
257,296
257,320
257,324
257,328
257,336
258,260
258,272
258,273
258,288
258,289
258,304
258,384
258,388
258,400
259,264
259,265
259,266
259,273
259,274
259,281
259,282
259,288
259,289
259,290
259,296
259,297
259,298
259,306
259,321
259,322
259,328
259,329
259,330
259,337
259,338
259,344
259,345
259,346
259,352
259,353
259,354
259,360
259,361
259,362
260,264
260,266
260,272
260,273
260,280
260,320
260,322
260,384
260,385
260,448
261,262
261,264
261,265
261,268
261,273
261,276
261,281
261,284
261,289
261,290
261,291
261,294
261,304
261,305
261,308
261,321
261,322
261,323
261,324
261,326
261,332
261,337
261,385
261,388
261,393
261,396
261,400
261,401
261,404
261,416
261,417
261,420
262,264
262,266
262,268
262,272
262,273
262,274
262,275
262,276
262,277
262,289
262,290
262,291
262,293
262,296
262,298
262,300
262,322
262,324
262,328
262,330
262,332
262,352
262,354
262,356
262,386
262,388
262,394
262,396
262,404
262,448
262,450
262,452
262,458
263,273
263,274
263,275
263,276
263,277
263,278
263,289
263,290
263,291
263,293
263,294
263,306
263,307
263,309
263,310
263,322
263,323
263,324
263,325
263,326
263,339
263,353
263,354
263,355
263,357
263,358
263,372
263,373
263,374
264,288
264,320
264,321
264,352
265,266
265,268
265,270
265,276
265,277
265,284
265,289
265,291
265,296
265,298
265,320
265,321
265,323
265,328
265,330
265,336
265,337
265,344
265,385
265,387
265,392
265,394
265,416
265,417
265,419
265,424
265,449
265,456
266,268
266,269
266,274
266,275
266,276
266,278
266,280
266,281
266,284
266,384
266,386
266,387
266,388
266,390
266,392
266,393
266,396
266,400
266,401
266,402
266,403
266,404
266,406
266,408
266,409
266,412
267,268
267,269
267,270
267,274
267,275
267,281
267,282
267,289
267,291
267,296
267,297
267,298
267,314
267,321
267,323
267,325
267,326
267,327
267,328
267,329
267,330
267,332
267,333
267,334
267,339
267,344
267,345
267,346
267,353
267,355
267,360
267,361
267,362
267,387
267,392
267,393
267,394
267,401
267,402
267,403
267,409
267,410
267,417
267,419
267,425
268,274
268,276
268,278
268,280
268,282
268,290
268,294
268,296
268,298
268,304
268,308
268,312
268,320
268,324
268,325
268,326
268,328
268,330
268,340
268,344
268,385
268,388
268,389
268,393
268,416
268,420
268,424
269,270
269,276
269,277
269,281
269,284
269,291
269,294
269,295
269,297
269,298
269,299
269,302
269,308
269,309
269,312
269,313
269,316
269,324
269,325
269,326
269,327
269,330
269,331
269,332
269,334
269,337
269,341
269,345
269,348
269,385
269,389
269,393
269,396
269,405
269,417
269,420
269,421
269,425
269,428
269,449
269,453
269,456
269,457
269,460
270,274
270,276
270,278
270,280
270,282
270,284
270,290
270,291
270,294
270,295
270,296
270,297
270,298
270,299
270,300
270,301
270,326
270,328
270,330
270,332
270,348
270,354
270,358
270,360
270,362
270,364
270,386
270,388
270,390
270,394
270,396
270,404
270,406
270,410
270,412
270,418
270,422
270,424
270,426
270,428
270,450
270,454
270,458
271,291
271,294
271,295
271,297
271,298
271,299
271,301
271,302
271,325
271,326
271,327
271,330
271,331
271,332
271,333
271,334
271,355
271,359
271,362
271,363
271,366
272,288
272,352
272,384
272,386
272,416
272,448
273,274
273,276
273,278
273,321
273,323
273,325
273,336
273,338
273,385
273,386
273,387
273,388
273,389
273,390
273,391
273,400
273,402
273,404
273,406
273,449
273,450
273,451
273,464
273,466
274,276
274,277
274,280
274,281
274,284
274,285
274,290
274,291
274,304
274,352
274,354
274,368
274,384
274,386
274,387
274,394
274,400
274,401
274,408
274,448
274,450
274,464
275,276
275,277
275,278
275,281
275,282
275,284
275,285
275,286
275,290
275,291
275,306
275,321
275,323
275,327
275,329
275,331
275,337
275,338
275,344
275,345
275,346
275,386
275,387
275,390
275,391
275,400
275,401
275,402
275,404
275,405
275,406
275,417
275,418
275,419
275,432
275,433
275,434
275,450
275,451
275,465
275,466
276,280
276,281
276,282
276,283
276,289
276,293
276,296
276,300
276,304
276,305
276,312
276,324
276,352
276,356
276,368
276,384
276,388
276,390
276,400
276,448
276,452
276,464
277,278
277,281
277,282
277,283
277,284
277,286
277,289
277,291
277,293
277,295
277,297
277,301
277,304
277,305
277,306
277,307
277,308
277,310
277,312
277,313
277,316
277,321
277,325
277,337
277,353
277,357
277,368
277,369
277,372
277,385
277,388
277,389
277,390
277,391
277,397
277,400
277,401
277,403
277,404
277,406
278,280
278,281
278,282
278,283
278,284
278,285
278,291
278,293
278,295
278,298
278,300
278,302
278,306
278,307
278,309
278,312
278,314
278,316
278,326
278,356
278,358
278,368
278,370
278,372
278,388
278,390
278,391
278,394
278,398
278,401
278,403
278,404
278,405
278,410
278,412
278,448
278,450
278,452
278,454
278,464
278,466
278,468
279,281
279,282
279,283
279,284
279,285
279,286
279,291
279,293
279,295
279,306
279,307
279,309
279,310
279,323
279,327
279,339
279,357
279,359
279,372
279,373
279,374
279,390
279,391
279,401
279,403
279,404
279,405
279,406
279,419
279,423
279,433
279,435
279,437
280,288
280,290
280,296
280,298
280,300
280,302
280,304
280,306
280,308
280,310
280,324
280,328
280,332
280,336
280,340
280,360
280,364
280,368
280,372
281,282
281,284
281,286
281,321
281,323
281,325
281,328
281,329
281,331
281,332
281,333
281,335
281,336
281,337
281,339
281,341
281,344
281,346
281,348
282,284
282,285
282,290
282,298
282,299
282,300
282,302
282,304
282,306
282,310
282,312
282,316
282,344
282,386
282,387
282,390
282,394
282,395
282,398
282,400
282,401
282,402
282,403
282,404
282,406
282,408
282,409
282,412
282,448
282,450
282,456
282,458
282,464
282,466
282,472
283,284
283,285
283,286
283,298
283,299
283,314
283,323
283,329
283,331
283,333
283,335
283,339
283,344
283,345
283,346
283,349
283,387
283,394
283,395
283,401
283,402
283,403
283,409
283,410
283,451
283,458
283,459
283,465
283,467
283,472
283,473
283,474
284,296
284,298
284,300
284,302
284,304
284,306
284,308
284,310
284,312
284,314
284,324
284,325
284,332
284,333
284,334
284,337
284,340
284,341
284,344
284,345
284,360
284,364
284,372
284,376
284,404
284,424
284,428
284,432
284,436
284,440
285,286
285,297
285,301
285,308
285,309
285,312
285,313
285,316
285,325
285,332
285,333
285,335
285,337
285,341
285,345
285,347
285,348
285,369
285,373
285,376
285,377
285,380
285,389
285,397
285,405
286,298
286,300
286,302
286,306
286,310
286,312
286,314
286,316
286,332
286,334
286,348
286,390
286,394
286,398
286,404
286,406
286,410
286,412
286,426
286,430
286,440
286,442
286,444
286,466
286,470
286,474
287,333
287,335
287,345
287,347
287,349
288,320
288,322
288,336
288,384
288,385
288,392
289,290
289,294
289,296
289,298
289,304
289,308
289,320
289,321
289,336
289,337
289,352
289,360
289,368
289,385
289,386
289,387
289,388
289,389
289,392
289,393
289,395
289,416
289,418
289,420
289,424
290,293
290,296
290,300
290,304
290,312
290,321
290,322
290,323
290,324
290,326
290,352
290,353
290,356
290,384
290,386
290,387
290,416
290,417
290,432
290,450
290,480
291,293
291,294
291,296
291,297
291,298
291,301
291,302
291,306
291,309
291,310
291,321
291,322
291,323
291,331
291,352
291,353
291,354
291,360
291,361
291,362
291,386
291,387
291,389
291,390
291,391
291,393
291,395
291,417
291,418
291,421
291,422
291,425
291,482
293,294
293,304
293,305
293,306
293,307
293,308
293,310
293,385
293,388
293,389
293,390
293,391
293,401
293,404
293,405
293,416
293,417
293,418
293,419
293,420
293,422
293,432
293,433
293,436
294,296
294,297
294,298
294,299
294,300
294,301
294,322
294,323
294,324
294,325
294,326
294,327
294,332
294,334
294,352
294,353
294,354
294,355
294,356
294,357
294,360
294,362
294,364
295,297
295,298
295,299
295,301
295,302
295,306
295,307
295,309
295,310
295,322
295,323
295,325
295,326
295,327
295,343
295,353
295,354
295,355
295,357
295,358
295,372
295,373
295,374
295,389
295,390
295,391
295,396
295,397
295,398
295,399
295,418
295,419
295,421
295,422
295,428
295,429
295,430
296,304
296,308
296,328
296,336
296,344
296,352
296,353
296,368
296,384
296,388
296,392
296,396
296,400
296,408
296,416
296,420
296,432
296,456
296,472
296,480
297,298
297,302
297,308
297,309
297,312
297,316
297,323
297,331
297,336
297,337
297,344
297,345
297,352
297,353
297,355
297,360
297,362
297,368
297,369
297,376
297,385
297,387
297,389
297,392
297,393
297,395
297,396
297,397
297,416
297,417
297,419
297,420
297,421
297,424
297,428
297,456
297,457
297,481
297,488
298,300
298,301
298,304
298,306
298,309
298,310
298,311
298,312
298,316
298,317
299,301
299,302
299,309
299,310
299,311
299,314
299,317
299,318
299,323
299,327
299,331
299,334
299,335
299,353
299,355
299,359
299,360
299,361
299,362
299,366
299,387
299,393
299,395
299,417
299,419
299,425
300,304
300,306
300,308
300,310
300,312
300,314
300,388
300,390
300,396
300,398
300,404
300,412
300,416
300,418
300,420
300,422
300,424
300,426
300,432
300,436
300,440
301,302
301,308
301,309
301,310
301,311
301,312
301,313
301,314
301,315
301,316
301,318
301,385
301,389
301,393
301,396
301,397
301,398
301,399
301,417
301,420
301,421
301,422
301,423
301,425
301,428
301,430
301,436
301,437
301,444
302,306
302,309
302,310
302,311
302,312
302,314
302,315
302,316
302,317
302,332
302,334
302,354
302,358
302,360
302,362
302,364
302,390
302,396
302,398
302,418
302,422
302,424
302,426
302,428
302,480
302,482
302,484
302,486
302,488
302,490
302,492
303,309
303,310
303,311
303,314
303,315
303,317
303,318
303,327
303,334
303,335
303,355
303,359
303,362
303,363
303,366
303,396
303,397
303,398
303,399
303,422
303,423
303,428
303,429
303,430
304,324
304,328
304,336
304,338
304,340
304,344
304,352
304,354
304,356
304,360
304,385
304,400
304,401
304,416
304,417
304,418
304,464
305,308
305,321
305,325
305,336
305,337
305,341
305,352
305,353
305,357
305,368
305,372
305,385
305,389
305,401
305,404
305,405
305,416
305,417
305,421
305,432
305,436
305,465
305,484
305,485
305,500
306,309
306,312
306,316
306,326
306,338
306,342
306,352
306,354
306,356
306,358
306,368
306,372
306,376
306,387
306,394
306,403
306,408
306,410
306,416
306,417
306,418
306,419
306,426
306,432
306,433
306,440
306,464
306,466
306,482
306,496
307,309
307,310
307,387
307,391
307,403
307,405
307,407
307,417
307,418
307,419
307,423
307,432
307,433
307,434
307,437
308,312
308,313
308,324
308,325
308,332
308,340
308,341
308,344
308,348
308,352
308,353
308,356
308,357
308,360
308,364
308,368
308,369
308,376
309,310
309,312
309,313
309,314
309,315
309,316
309,318
309,325
309,341
309,353
309,357
309,368
309,369
309,372
309,385
309,389
309,401
309,404
309,405
309,417
309,421
309,432
309,433
309,436
309,484
309,485
309,497
309,500
310,312
310,314
310,315
310,316
310,317
310,326
310,327
310,342
310,343
310,356
310,357
310,358
310,359
310,364
310,366
310,368
310,370
310,372
310,373
310,380
311,314
311,315
311,317
311,318
311,327
311,343
311,357
311,359
311,372
311,373
311,374
311,391
311,405
311,407
311,419
311,423
311,433
311,435
311,437
312,328
312,332
312,336
312,340
312,344
312,348
312,360
312,364
312,368
312,370
312,372
312,394
312,400
312,408
312,410
312,416
312,418
312,424
312,426
312,432
312,434
312,456
312,472
312,488
313,316
313,336
313,337
313,341
313,344
313,345
313,348
313,349
313,353
313,360
313,361
313,368
313,369
313,373
313,376
313,380
314,316
314,317
314,368
314,370
314,376
314,394
314,398
314,408
314,410
314,412
314,414
314,418
314,426
314,430
314,432
314,434
314,440
314,444
315,317
315,318
316,332
316,340
316,344
316,348
316,358
316,360
316,364
316,366
316,372
316,374
316,376
316,404
316,412
316,421
316,424
316,428
316,429
316,432
316,436
316,437
316,440
317,318
317,341
317,348
317,349
317,369
317,373
317,376
317,377
317,380
317,421
317,429
317,436
317,437
317,444
318,358
318,364
318,366
318,374
318,380
318,398
318,412
318,414
318,426
318,430
318,440
318,442
318,444
320,388
320,392
321,322
321,324
321,328
321,330
321,336
321,338
321,344
321,352
321,354
321,368
321,370
321,388
321,389
321,392
321,393
321,452
321,456
322,324
322,325
322,352
322,353
322,356
322,357
322,386
322,390
322,416
322,418
322,422
322,448
322,452
322,480
322,484
323,324
323,325
323,326
323,328
323,329
323,330
323,337
323,338
323,344
323,345
323,346
323,352
323,353
323,354
323,357
323,358
323,360
323,361
323,362
323,368
323,369
323,370
323,392
323,393
323,394
323,395
323,450
323,456
323,457
323,458
324,328
324,344
324,352
324,354
324,368
324,386
324,388
324,389
324,390
324,416
324,420
324,448
324,449
324,450
324,456
324,480
325,326
325,330
325,331
325,332
325,334
325,337
325,345
325,348
325,353
325,354
325,355
325,358
325,368
325,369
325,372
325,388
325,389
325,397
325,417
325,420
325,421
325,449
325,452
325,454
325,456
325,457
325,460
325,481
325,484
326,328
326,330
326,331
326,332
326,333
326,352
326,353
326,354
326,355
326,356
326,357
326,368
326,370
326,372
326,386
326,390
326,394
326,398
326,418
326,422
326,448
326,450
326,452
326,453
326,458
326,480
326,482
326,484
327,330
327,331
327,332
327,333
327,334
327,339
327,353
327,354
327,355
327,357
327,358
327,362
327,363
327,366
327,372
327,373
327,374
327,452
327,453
327,454
328,336
328,337
328,352
328,368
328,392
328,393
328,408
328,424
328,440
328,448
328,449
328,452
328,464
328,480
329,330
329,336
329,337
329,339
329,344
329,346
329,392
329,393
329,394
329,395
329,409
329,449
329,451
329,456
329,458
329,464
329,465
329,472
330,332
330,333
330,386
330,390
330,392
330,393
330,394
330,395
330,398
330,448
330,450
330,451
330,454
330,456
330,457
330,461
331,332
331,333
331,334
331,339
331,344
331,345
331,346
331,353
331,355
331,360
331,361
331,362
331,376
331,377
331,378
331,392
331,393
331,394
331,395
331,451
331,456
331,457
331,458
331,461
331,462
332,337
332,340
332,341
332,344
332,345
332,354
332,358
332,360
332,362
332,372
332,376
332,389
332,397
332,420
332,424
332,428
332,448
332,449
332,452
332,453
332,456
332,457
332,480
332,484
332,488
333,334
333,337
333,341
333,345
333,347
333,348
333,389
333,397
333,449
333,453
333,456
333,457
333,458
333,459
333,460
333,462
333,465
333,469
333,473
334,348
334,354
334,355
334,358
334,359
334,360
334,362
334,363
334,364
334,386
334,390
334,394
334,398
334,450
334,454
334,458
334,459
334,461
335,345
335,347
335,349
335,355
335,359
335,362
335,363
335,366
335,458
335,459
335,461
335,462
336,352
336,353
336,360
336,361
336,393
336,400
336,401
336,408
336,409
336,432
336,448
336,449
336,456
336,457
337,338
337,344
337,348
337,352
337,353
337,354
337,355
337,360
337,361
337,368
337,370
337,376
337,393
337,400
337,401
337,402
337,403
337,409
337,433
337,449
337,450
337,451
337,457
337,464
337,466
337,472
338,352
338,353
338,354
338,355
338,368
338,369
338,386
338,400
338,401
338,402
338,403
338,418
338,432
338,434
338,435
338,448
338,450
338,451
338,464
338,465
338,482
338,496
339,344
339,345
339,346
339,352
339,353
339,354
339,355
339,368
339,369
339,370
339,395
339,401
339,402
339,403
339,409
339,411
339,434
339,435
339,450
339,451
339,458
339,459
339,465
339,466
339,472
339,473
339,474
339,498
340,344
340,352
340,356
340,360
340,364
340,368
340,376
340,388
340,400
340,404
340,428
340,432
340,436
340,444
340,448
340,452
340,464
340,472
340,484
340,492
340,496
341,345
341,348
341,353
341,357
341,368
341,369
341,372
341,376
341,377
341,380
342,356
342,358
342,368
342,370
342,372
342,390
342,404
342,406
342,448
342,450
342,452
342,454
342,464
342,466
342,468
342,482
342,486
342,496
342,498
342,500
343,357
343,359
343,372
343,373
343,374
344,353
344,360
344,361
344,364
344,368
344,369
344,372
344,393
344,408
344,409
344,424
344,440
344,448
344,449
344,456
344,457
344,464
344,465
344,468
344,488
345,346
345,348
345,353
345,360
345,361
345,368
345,369
345,376
345,393
345,409
345,425
345,441
345,449
345,457
345,464
345,465
345,472
345,489
346,395
346,402
346,408
346,409
346,410
346,411
346,448
346,450
346,451
346,456
346,458
346,459
346,464
346,465
346,466
346,467
346,472
346,473
347,349
347,361
347,363
347,376
347,377
347,378
347,395
347,409
347,411
347,451
347,458
347,459
347,465
347,467
347,472
347,473
347,474
348,360
348,364
348,369
348,372
348,373
348,376
348,377
348,428
348,436
348,444
348,464
348,468
348,472
348,492
348,500
349,369
349,373
349,376
349,377
349,380
349,449
349,453
349,457
349,461
349,465
349,469
349,473
350,406
350,414
350,466
350,470
350,474
352,388
352,392
352,416
352,420
352,424
352,452
352,456
353,354
353,358
353,360
353,362
353,368
353,370
353,372
353,376
353,392
353,393
353,417
353,420
353,421
353,424
353,425
353,452
353,453
353,456
353,457
353,484
353,488
354,356
354,357
354,360
354,364
354,368
354,369
354,390
354,416
354,418
354,419
354,422
354,432
354,434
354,450
354,454
354,464
354,466
354,480
354,484
354,496
355,357
355,358
355,360
355,361
355,362
355,366
355,368
355,369
355,370
355,418
355,419
355,457
355,459
355,482
355,489
356,368
356,370
356,388
356,390
356,404
356,416
356,418
356,420
356,422
356,432
356,436
356,450
356,452
356,454
356,468
356,480
356,482
356,496
357,358
357,368
357,369
357,372
357,374
357,417
357,420
357,421
357,422
357,423
357,433
357,436
357,437
357,452
357,453
357,481
357,484
357,486
357,497
357,500
358,360
358,362
358,364
358,368
358,370
358,372
358,380
358,390
358,418
358,421
358,422
358,423
358,450
358,454
358,480
358,482
358,484
358,485
359,362
359,363
359,366
359,372
359,373
359,374
359,421
359,422
359,423
359,485
359,486
360,368
360,369
360,372
360,392
360,393
360,408
360,420
360,424
360,425
360,428
360,440
360,452
360,456
360,457
360,460
360,472
360,480
360,481
360,484
361,362
361,368
361,369
361,376
361,378
361,392
361,393
361,424
361,425
361,441
361,456
361,457
361,459
361,473
361,481
361,483
361,488
362,364
363,366
363,376
363,377
363,378
363,457
363,459
363,483
363,489
364,372
364,374
364,376
364,420
364,422
364,424
364,428
364,430
364,436
364,444
364,452
364,460
364,468
364,476
364,480
364,482
364,484
364,486
364,488
364,490
364,500
366,374
366,380
366,422
366,430
366,480
366,482
366,484
366,486
366,488
366,490
366,492
368,400
368,404
368,432
368,436
368,452
368,464
368,468
368,484
369,370
369,372
369,376
369,380
369,401
369,433
369,436
369,437
369,465
369,484
369,485
369,500
370,372
370,376
370,418
370,432
370,434
370,435
370,454
370,464
370,466
370,467
370,468
370,470
370,482
370,486
370,496
370,500
371,434
371,435
371,466
371,467
371,498
372,376
372,404
372,428
372,432
372,436
372,444
372,452
372,468
372,476
372,484
372,492
372,496
373,374
373,376
373,377
373,380
373,433
373,436
373,437
373,484
373,485
373,497
373,500
374,380
374,454
374,468
374,470
374,482
374,486
374,496
374,498
374,500
376,408
376,424
376,440
376,456
376,472
376,488
377,378
377,380
377,425
377,441
377,473
377,489
380,428
380,436
380,444
380,468
380,476
380,492
380,500
385,388
385,392
385,396
385,400
385,404
385,416
385,420
385,424
385,428
385,432
385,436
386,388
386,392
386,396
386,400
386,401
386,408
386,416
386,417
386,424
386,448
386,452
386,456
386,464
387,392
387,393
387,394
387,400
387,401
387,402
387,409
387,410
387,417
387,418
387,425
387,432
387,433
387,434
387,442
388,394
388,400
388,401
388,416
388,417
388,424
388,448
388,449
388,464
388,465
388,480
389,390
389,393
389,396
389,400
389,401
389,404
389,416
389,417
389,418
389,419
389,420
389,422
389,425
389,428
389,432
389,433
389,436
389,449
389,452
389,456
389,457
389,460
389,464
389,465
389,468
390,394
390,396
390,401
390,403
390,404
390,405
390,410
390,412
390,418
390,419
390,421
390,424
390,426
390,428
390,448
390,450
390,452
390,458
390,464
390,466
390,468
390,480
390,482
390,484
391,401
391,403
391,404
391,405
391,406
391,418
391,419
391,421
391,422
391,433
391,435
391,437
392,416
392,417
392,418
392,448
392,449
392,450
392,451
392,480
392,481
393,394
393,396
393,398
393,401
393,416
393,417
393,419
393,420
393,421
393,424
393,428
393,449
393,451
393,456
393,458
393,464
393,465
393,472
393,481
393,488
394,396
394,397
394,400
394,401
394,402
394,403
394,404
394,406
394,408
394,409
394,412
394,416
394,418
394,424
394,432
394,434
394,440
394,448
394,450
394,451
394,454
394,456
394,457
395,396
395,397
395,398
395,401
395,402
395,403
395,409
395,410
395,417
395,419
395,425
395,434
395,435
395,442
395,451
395,456
395,457
395,458
395,465
395,467
395,472
395,473
395,474
396,416
396,417
396,418
396,420
396,421
396,422
396,423
396,424
396,425
396,426
397,398
397,405
397,417
397,420
397,421
397,422
397,423
397,425
397,428
397,430
397,449
397,453
397,456
397,457
397,460
397,481
397,485
397,488
397,489
397,492
398,404
398,406
398,410
398,412
398,418
398,422
398,423
398,424
398,426
398,428
398,429
398,440
398,442
398,444
398,450
398,454
398,458
399,422
399,423
399,428
399,429
399,430
400,416
400,424
400,448
400,449
400,450
400,452
400,453
401,402
401,404
401,406
401,410
401,416
401,417
401,421
401,432
401,436
401,449
401,450
401,451
401,452
401,453
401,464
401,466
401,468
402,408
402,409
402,448
402,450
402,451
402,456
402,458
402,464
402,465
402,472
403,404
403,405
403,406
403,409
403,410
403,417
403,418
403,419
403,427
403,432
403,433
403,434
403,442
403,450
403,451
403,454
403,455
403,465
403,466
403,470
404,410
404,417
404,421
404,424
404,428
404,432
404,433
404,440
404,448
404,449
404,450
404,452
404,453
404,454
404,464
404,465
404,466
404,484
404,496
405,406
405,410
405,411
405,414
405,417
405,419
405,421
405,423
405,432
405,433
405,435
405,436
405,449
405,452
405,453
405,464
405,465
405,468
406,410
406,411
406,412
406,413
406,448
406,450
406,452
406,454
406,455
406,464
406,466
406,467
406,468
406,474
407,410
407,411
407,413
407,414
407,419
407,423
407,433
407,435
407,437
407,454
407,455
407,467
407,470
408,416
408,418
408,424
408,426
408,432
408,434
408,448
408,450
408,456
408,458
408,464
408,466
408,488
408,498
409,410
409,449
409,451
409,457
409,458
409,459
409,464
409,465
409,467
409,472
409,474
410,412
410,413
410,418
410,426
410,432
410,434
410,440
410,448
410,450
410,456
410,458
410,464
410,466
410,472
410,498
410,504
411,413
411,414
411,419
411,427
411,434
411,435
411,442
411,451
411,458
411,459
411,465
411,467
411,472
411,473
411,474
412,424
412,426
412,428
412,430
412,432
412,436
412,440
412,442
413,414
414,426
414,430
414,440
414,442
414,444
414,466
414,470
414,474
416,450
416,452
417,418
417,420
417,424
417,428
417,432
417,434
417,436
417,440
417,452
417,453
417,484
418,421
418,424
418,428
418,432
418,433
418,440
418,450
418,454
418,464
418,466
418,480
418,484
418,496
419,421
419,422
419,425
419,432
419,433
419,434
419,437
419,442
419,482
420,424
420,425
420,452
420,453
420,460
420,480
420,481
420,488
421,422
421,425
421,428
421,432
421,433
421,436
421,444
421,452
421,453
421,481
421,484
421,486
422,424
422,426
422,428
422,429
422,450
422,454
422,480
422,482
422,484
422,485
422,488
422,490
422,492
423,428
423,429
423,430
423,433
423,435
423,437
423,485
423,486
424,432
424,433
424,436
424,452
424,456
424,457
424,460
424,472
424,480
424,481
424,484
425,428
425,432
425,433
425,440
425,453
425,456
425,457
425,460
425,461
425,473
425,481
425,485
425,488
425,492
426,428
426,432
426,434
426,440
426,444
427,434
427,435
427,442
428,432
428,436
428,440
428,452
428,460
428,468
428,476
428,480
428,484
428,488
428,500
429,430
429,436
429,437
429,444
429,453
429,460
429,461
429,481
429,485
429,488
429,489
429,492
430,440
430,442
430,444
430,480
430,482
430,484
430,486
430,488
430,490
430,492
432,452
432,464
432,466
432,468
432,482
432,484
433,434
433,436
433,440
433,465
433,484
433,485
433,500
434,440
434,464
434,466
434,467
434,472
434,474
434,482
434,496
434,504
435,437
435,442
435,466
435,467
435,498
436,440
436,452
436,468
436,476
436,484
436,485
436,492
436,496
436,497
437,444
437,484
437,485
437,497
437,500
440,456
440,472
440,474
440,488
440,498
441,473
441,489
442,444
442,472
442,474
442,498
442,504
444,468
444,476
444,492
444,500
449,452
449,456
449,460
449,464
449,468
449,472
450,452
450,456
450,464
450,465
450,468
450,472
450,480
450,484
450,488
451,456
451,457
451,458
451,465
451,466
451,472
451,473
451,474
452,456
452,464
452,465
452,466
452,480
452,481
452,488
452,496
453,454
453,456
453,457
453,460
453,464
453,465
453,468
453,473
453,481
453,484
453,488
453,489
453,492
454,458
454,464
454,466
454,467
454,468
454,480
454,482
454,484
454,496
454,498
454,500
455,467
455,470
456,464
456,466
456,480
456,481
456,482
457,458
457,460
457,464
457,465
457,469
457,472
457,481
457,483
457,488
458,461
458,464
458,465
458,466
458,467
458,472
458,473
458,480
458,482
458,488
459,461
459,462
459,465
459,467
459,472
459,473
459,474
459,483
459,489
460,480
460,481
460,484
460,485
460,488
460,489
461,462
461,465
461,469
461,473
461,481
461,485
461,488
461,489
461,492
464,482
465,466
465,468
465,472
465,474
466,468
466,472
466,482
466,496
467,470
467,472
467,473
467,474
467,498
468,472
468,482
468,484
468,486
468,492
468,496
468,498
469,473
470,474
470,482
470,486
470,496
470,498
470,500
472,488
472,498
473,474
473,489
474,498
474,504
476,492
476,500
481,484
481,488
481,492
482,484
482,488
482,492
482,496
482,500
483,489
484,488
484,490
484,496
484,497
485,486
485,488
485,489
485,492
485,497
485,500
486,488
486,490
486,492
486,496
486,498
486,500
489,492
490,492
492,500
497,500
498,500
498,504
